balance,profit_loss,status
200.0558127365196,0.05581273651961749,continue
200.36733841795578,0.3115256814361651,continue
200.26685516293023,-0.1004832550255473,continue
200.12124422800994,-0.14561093492028654,close
