balance,profit_loss,status
199.95730567134598,-0.04269432865402882,continue
199.5977521401793,-0.3595535311666818,close
