balance,profit_loss,status
199.9325460816696,-0.06745391833039811,continue
199.79611109175363,-0.13643498991597822,close
